{
    "alpha_0.005_diff_False_lb_30_yrs_3": {
        "preprocessing_time_seconds": 0.7749538421630859,
        "selected_features_count": 25,
        "selected_features_names": "High_^AEX, Low_^AEX, Volume_^AEX, DayOfWeek, Month, SMA_20, SMA_200, EMA_5, MACD, MACD_Diff, RSI, BB_Lower, BB_pband, ATR, OBV, Stoch_K, Stoch_D, Williams_R, CCI, ROC, ADX, ADX_Pos, Volatility_Ret_10D, Volatility_Ret_10D_Raw, Volatility_Ret_60D",
        "used_differencing": false,
        "plot_directory": "performance_evaluation_report/alpha_0.005_diff_False_lb_30_yrs_3",
        "model_training_time_seconds": 80.18552350997925,
        "final_val_loss": 0.007817018777132034,
        "best_val_loss": 0.007781882770359516,
        "epochs_trained": 46,
        "test_set_prediction_time_seconds": 0.5431180000305176,
        "overall_mse": 1493.5989012158389,
        "overall_mae": 34.72924597084927,
        "overall_rmse": 38.64710728134563,
        "overall_rmse_perc_mean": 4.285054137568704,
        "overall_mape": 3.8426176816769817,
        "bias_me": 31.139422150696216,
        "bias_mpe": 3.401693185449005,
        "low_vol_mse": 732.8714380876436,
        "low_vol_mae": 25.849665461359795,
        "low_vol_rmse": 27.071598365956223,
        "mid_vol_mse": 1245.203955210643,
        "mid_vol_mae": 31.898171620826197,
        "mid_vol_rmse": 35.28744755873741,
        "high_vol_mse": 2744.402879435367,
        "high_vol_mae": 49.19445965741131,
        "high_vol_rmse": 52.38704877577441,
        "latency_single_pred_ms": 486.0360860824585
    },
    "alpha_0.01_diff_False_lb_30_yrs_3": {
        "preprocessing_time_seconds": 0.08273053169250488,
        "selected_features_count": 21,
        "selected_features_names": "High_^AEX, Low_^AEX, Volume_^AEX, Month, SMA_20, SMA_100, SMA_200, EMA_5, MACD_Diff, RSI, BB_pband, ATR, OBV, Stoch_K, Stoch_D, Williams_R, ROC, ADX, Volatility_Ret_10D, Volatility_Ret_10D_Raw, Volatility_Ret_60D",
        "used_differencing": false,
        "plot_directory": "performance_evaluation_report/alpha_0.01_diff_False_lb_30_yrs_3",
        "model_training_time_seconds": 24.113821983337402,
        "final_val_loss": 0.008873652666807175,
        "best_val_loss": 0.008251975290477276,
        "epochs_trained": 14,
        "test_set_prediction_time_seconds": 0.5694272518157959,
        "overall_mse": 1262.8085436083018,
        "overall_mae": 31.74396623883928,
        "overall_rmse": 35.53601755414219,
        "overall_rmse_perc_mean": 3.9401075465896844,
        "overall_mape": 3.524328101426407,
        "bias_me": 28.23350140837585,
        "bias_mpe": 3.0937810298090187,
        "low_vol_mse": 697.6872160081323,
        "low_vol_mae": 23.717817976668073,
        "low_vol_rmse": 26.41376943959594,
        "mid_vol_mse": 1132.537316337636,
        "mid_vol_mae": 29.81248996682363,
        "mid_vol_rmse": 33.65319177043443,
        "high_vol_mse": 2084.9514817695153,
        "high_vol_mae": 43.58086498363597,
        "high_vol_rmse": 45.66126894611576,
        "latency_single_pred_ms": 456.8636894226074
    }
}