{
    "alpha_0.005_diff_False_lb_60_yrs_3": {
        "preprocessing_time_seconds": 0.18673276901245117,
        "selected_features_count": 25,
        "selected_features_names": "High_^AEX, Low_^AEX, Volume_^AEX, DayOfWeek, Month, SMA_20, SMA_200, EMA_5, MACD, MACD_Diff, RSI, BB_Lower, BB_pband, ATR, OBV, Stoch_K, Stoch_D, Williams_R, CCI, ROC, ADX, ADX_Pos, Volatility_Ret_10D, Volatility_Ret_10D_Raw, Volatility_Ret_60D",
        "used_differencing": false,
        "plot_directory": "performance_evaluation_report/alpha_0.005_diff_False_lb_60_yrs_3",
        "model_training_time_seconds": 16.8333420753479,
        "final_val_loss": 0.005861629731953144,
        "best_val_loss": 0.0011583237210288644,
        "epochs_trained": 13,
        "test_set_prediction_time_seconds": 0.6659045219421387,
        "overall_mse": 470.8337296439026,
        "overall_mae": 15.271719425282573,
        "overall_rmse": 21.69870340928007,
        "overall_rmse_perc_mean": 2.4025141363235853,
        "overall_mape": 1.71435966001678,
        "bias_me": -0.9919827508588177,
        "bias_mpe": -0.16704522651075182,
        "low_vol_mse": 130.84828241097023,
        "low_vol_mae": 9.44989183213976,
        "low_vol_rmse": 11.438893408497616,
        "mid_vol_mse": 299.6202666092174,
        "mid_vol_mae": 13.39027824954709,
        "mid_vol_rmse": 17.309542645870728,
        "high_vol_mse": 1138.9783143599814,
        "high_vol_mae": 24.69964260525173,
        "high_vol_rmse": 33.748752782287845,
        "latency_single_pred_ms": 592.5044775009155
    },
    "alpha_0.01_diff_False_lb_60_yrs_3": {
        "preprocessing_time_seconds": 0.09721612930297852,
        "selected_features_count": 21,
        "selected_features_names": "High_^AEX, Low_^AEX, Volume_^AEX, Month, SMA_20, SMA_100, SMA_200, EMA_5, MACD_Diff, RSI, BB_pband, ATR, OBV, Stoch_K, Stoch_D, Williams_R, ROC, ADX, Volatility_Ret_10D, Volatility_Ret_10D_Raw, Volatility_Ret_60D",
        "used_differencing": false,
        "plot_directory": "performance_evaluation_report/alpha_0.01_diff_False_lb_60_yrs_3",
        "model_training_time_seconds": 25.76973056793213,
        "final_val_loss": 0.0018977823201566935,
        "best_val_loss": 0.0010604725684970617,
        "epochs_trained": 24,
        "test_set_prediction_time_seconds": 0.5693516731262207,
        "overall_mse": 411.3912636518526,
        "overall_mae": 14.734596198332216,
        "overall_rmse": 20.282782443537,
        "overall_rmse_perc_mean": 2.2457411682825636,
        "overall_mape": 1.6571329183847607,
        "bias_me": -1.0448236127271688,
        "bias_mpe": -0.15466494403893583,
        "low_vol_mse": 109.66406483906843,
        "low_vol_mae": 8.587202284071171,
        "low_vol_rmse": 10.472061155239135,
        "mid_vol_mse": 229.61473648109703,
        "mid_vol_mae": 12.509560405344198,
        "mid_vol_rmse": 15.153043802520239,
        "high_vol_mse": 1061.5234728752516,
        "high_vol_mae": 25.146642049153634,
        "high_vol_rmse": 32.58102934032704,
        "latency_single_pred_ms": 482.1051359176636
    }
}