{
    "model_att_lstm_alpha_0.005_diff_False_lb_60_yrs_3": {
        "preprocessing_time_seconds": 1.0417003631591797,
        "selected_features_count": 25,
        "selected_features_names": "Volume_^AEX, DayOfWeek, Month, SMA_20, SMA_200, EMA_5, MACD, MACD_Diff, RSI, BB_pband, ATR, OBV, Stoch_K, Stoch_D, Williams_R, ROC, ADX, ADX_Pos, ADX_Neg, Volatility_Ret_5D, Volatility_Ret_5D_Raw, Volatility_Ret_20D, Volatility_Ret_20D_Raw, Volatility_Ret_60D, Volatility_Ret_60D_Raw",
        "used_differencing": false,
        "plot_directory": "performance_evaluation_report/model_att_lstm_alpha_0.005_diff_False_lb_60_yrs_3",
        "model_training_time_seconds": 14.235955715179443,
        "final_val_loss": 0.029244784265756607,
        "best_val_loss": 0.006223299074918032,
        "epochs_trained": 12,
        "test_set_prediction_time_seconds": 0.5274002552032471,
        "overall_mse": 836.5176191784651,
        "overall_mae": 24.37375548883533,
        "overall_rmse": 28.922614321296496,
        "overall_rmse_perc_mean": 3.20026843423305,
        "overall_mape": 2.6758686897990502,
        "bias_me": 21.377019354637635,
        "bias_mpe": 2.311319956066797,
        "low_vol_mse": 414.01893635735735,
        "low_vol_mae": 16.023118760850696,
        "low_vol_rmse": 20.347455279650017,
        "mid_vol_mse": 1184.4092439734306,
        "mid_vol_mae": 31.580351456351902,
        "mid_vol_rmse": 34.41524726009433,
        "high_vol_mse": 592.2240211425552,
        "high_vol_mae": 18.911749945746518,
        "high_vol_rmse": 24.33565329187929,
        "latency_single_pred_ms": 452.26314067840576
    },
    "model_att_lstm_alpha_0.01_diff_False_lb_60_yrs_3": {
        "preprocessing_time_seconds": 0.1396021842956543,
        "selected_features_count": 22,
        "selected_features_names": "Volume_^AEX, DayOfWeek, Month, SMA_20, SMA_200, EMA_5, MACD_Diff, RSI, BB_pband, ATR, OBV, Stoch_K, Stoch_D, Williams_R, ROC, ADX, ADX_Pos, ADX_Neg, Volatility_Ret_20D, Volatility_Ret_20D_Raw, Volatility_Ret_60D, Volatility_Ret_60D_Raw",
        "used_differencing": false,
        "plot_directory": "performance_evaluation_report/model_att_lstm_alpha_0.01_diff_False_lb_60_yrs_3",
        "model_training_time_seconds": 20.752870798110962,
        "final_val_loss": 0.013172544538974762,
        "best_val_loss": 0.009388047270476818,
        "epochs_trained": 19,
        "test_set_prediction_time_seconds": 0.481428861618042,
        "overall_mse": 1539.8779953047099,
        "overall_mae": 32.988695077016835,
        "overall_rmse": 39.24127922615049,
        "overall_rmse_perc_mean": 4.342021984295682,
        "overall_mape": 3.6591299917340967,
        "bias_me": 25.12175085189495,
        "bias_mpe": 2.728504391043522,
        "low_vol_mse": 821.9546305855941,
        "low_vol_mae": 25.160057915581593,
        "low_vol_rmse": 28.669751142721733,
        "mid_vol_mse": 1257.9228857899268,
        "mid_vol_mae": 28.792011647984594,
        "mid_vol_rmse": 35.46720859878779,
        "high_vol_mse": 2798.21531992716,
        "high_vol_mae": 48.86097547743054,
        "high_vol_rmse": 52.898159891693396,
        "latency_single_pred_ms": 412.3342514038086
    },
    "model_standard_lstm_alpha_0.005_diff_False_lb_60_yrs_3": {
        "preprocessing_time_seconds": 0.10667300224304199,
        "selected_features_count": 25,
        "selected_features_names": "Volume_^AEX, DayOfWeek, Month, SMA_20, SMA_200, EMA_5, MACD, MACD_Diff, RSI, BB_pband, ATR, OBV, Stoch_K, Stoch_D, Williams_R, ROC, ADX, ADX_Pos, ADX_Neg, Volatility_Ret_5D, Volatility_Ret_5D_Raw, Volatility_Ret_20D, Volatility_Ret_20D_Raw, Volatility_Ret_60D, Volatility_Ret_60D_Raw",
        "used_differencing": false,
        "plot_directory": "performance_evaluation_report/model_standard_lstm_alpha_0.005_diff_False_lb_60_yrs_3",
        "model_training_time_seconds": 28.980663537979126,
        "final_val_loss": 0.010437543503940105,
        "best_val_loss": 0.007392038591206074,
        "epochs_trained": 42,
        "test_set_prediction_time_seconds": 0.7385621070861816,
        "overall_mse": 820.1203492420677,
        "overall_mae": 24.346264128989354,
        "overall_rmse": 28.63774343837286,
        "overall_rmse_perc_mean": 3.168747656604683,
        "overall_mape": 2.6991649203115653,
        "bias_me": 21.665874508255765,
        "bias_mpe": 2.3696073074869557,
        "low_vol_mse": 319.53027444043084,
        "low_vol_mae": 15.330501980251732,
        "low_vol_rmse": 17.875409769860685,
        "mid_vol_mse": 561.634083004803,
        "mid_vol_mae": 20.483560313349177,
        "mid_vol_rmse": 23.698820287195794,
        "high_vol_mse": 1816.142434331795,
        "high_vol_mae": 40.765541924370645,
        "high_vol_rmse": 42.616222666160766,
        "latency_single_pred_ms": 408.04481506347656
    },
    "model_standard_lstm_alpha_0.01_diff_False_lb_60_yrs_3": {
        "preprocessing_time_seconds": 0.13964581489562988,
        "selected_features_count": 22,
        "selected_features_names": "Volume_^AEX, DayOfWeek, Month, SMA_20, SMA_200, EMA_5, MACD_Diff, RSI, BB_pband, ATR, OBV, Stoch_K, Stoch_D, Williams_R, ROC, ADX, ADX_Pos, ADX_Neg, Volatility_Ret_20D, Volatility_Ret_20D_Raw, Volatility_Ret_60D, Volatility_Ret_60D_Raw",
        "used_differencing": false,
        "plot_directory": "performance_evaluation_report/model_standard_lstm_alpha_0.01_diff_False_lb_60_yrs_3",
        "model_training_time_seconds": 15.648597478866577,
        "final_val_loss": 0.006510164123028517,
        "best_val_loss": 0.0011920423712581396,
        "epochs_trained": 21,
        "test_set_prediction_time_seconds": 0.7481865882873535,
        "overall_mse": 396.60901923982243,
        "overall_mae": 15.102122205369007,
        "overall_rmse": 19.915045047396262,
        "overall_rmse_perc_mean": 2.203586761677447,
        "overall_mape": 1.6867323334225324,
        "bias_me": 0.6492422117409156,
        "bias_mpe": 0.035417304039260786,
        "low_vol_mse": 120.6722150348748,
        "low_vol_mae": 8.600767347547734,
        "low_vol_rmse": 10.98509057927493,
        "mid_vol_mse": 206.7803948140983,
        "mid_vol_mae": 11.993103027343741,
        "mid_vol_rmse": 14.379860736950768,
        "high_vol_mse": 1036.3840202607416,
        "high_vol_mae": 27.562430487738705,
        "high_vol_rmse": 32.19291879063999,
        "latency_single_pred_ms": 401.3000965118408
    }
}