{
    "model_att_lstm_alpha_0.005_diff_False_lb_60_yrs_3": {
        "preprocessing_time_seconds": 0.09831023216247559,
        "selected_features_count": 22,
        "selected_features_names": "High_^AEX, Low_^AEX, DayOfWeek, Month, SMA_20, SMA_200, EMA_5, MACD, MACD_Diff, RSI, BB_pband, OBV, Stoch_D, Williams_R, CCI, ROC, ADX, ADX_Pos, ADX_Neg, Volatility_Ret_10D, Volatility_Ret_60D, Volatility_Ret_60D_Raw",
        "used_differencing": false,
        "plot_directory": "performance_evaluation_report/model_att_lstm_alpha_0.005_diff_False_lb_60_yrs_3",
        "model_training_time_seconds": 15.054108381271362,
        "final_val_loss": 0.01033603586256504,
        "best_val_loss": 0.001942962408065796,
        "epochs_trained": 12,
        "test_set_prediction_time_seconds": 0.5528678894042969,
        "overall_mse": 866.6003188389143,
        "overall_mae": 21.996560820451013,
        "overall_rmse": 29.438076004367446,
        "overall_rmse_perc_mean": 3.2584006402101893,
        "overall_mape": 2.482227105908212,
        "bias_me": -18.586685938192595,
        "bias_mpe": -2.11510236993444,
        "low_vol_mse": 499.92249720491895,
        "low_vol_mae": 20.155478583441845,
        "low_vol_rmse": 22.358946692653458,
        "mid_vol_mse": 616.2813217420181,
        "mid_vol_mae": 20.782901487488672,
        "mid_vol_rmse": 24.825014033067898,
        "high_vol_mse": 1713.0562182419603,
        "high_vol_mae": 26.16382344563801,
        "high_vol_rmse": 41.38908332207854,
        "latency_single_pred_ms": 445.0042486190796
    },
    "model_att_lstm_alpha_0.01_diff_False_lb_60_yrs_3": {
        "preprocessing_time_seconds": 0.10735893249511719,
        "selected_features_count": 20,
        "selected_features_names": "High_^AEX, Low_^AEX, Month, SMA_20, SMA_200, EMA_5, MACD_Diff, RSI, BB_pband, OBV, Stoch_K, Stoch_D, Williams_R, CCI, ROC, ADX, ADX_Neg, Volatility_Ret_10D, Volatility_Ret_60D, Volatility_Ret_60D_Raw",
        "used_differencing": false,
        "plot_directory": "performance_evaluation_report/model_att_lstm_alpha_0.01_diff_False_lb_60_yrs_3",
        "model_training_time_seconds": 13.94916844367981,
        "final_val_loss": 0.006675662938505411,
        "best_val_loss": 0.0015147060621529818,
        "epochs_trained": 12,
        "test_set_prediction_time_seconds": 0.5306253433227539,
        "overall_mse": 492.96384320032894,
        "overall_mae": 17.09401838153812,
        "overall_rmse": 22.20278908606594,
        "overall_rmse_perc_mean": 2.4575513074209008,
        "overall_mape": 1.8980263048246584,
        "bias_me": 10.57848255346853,
        "bias_mpe": 1.1213151314280352,
        "low_vol_mse": 85.46213712087932,
        "low_vol_mae": 7.343970404730906,
        "low_vol_rmse": 9.244573387716672,
        "mid_vol_mse": 450.92667338867517,
        "mid_vol_mae": 17.050399116847824,
        "mid_vol_rmse": 21.235034103779423,
        "high_vol_mse": 981.0367914187815,
        "high_vol_mae": 26.927669949001725,
        "high_vol_rmse": 31.32150685102461,
        "latency_single_pred_ms": 453.44221591949463
    },
    "model_standard_lstm_alpha_0.005_diff_False_lb_60_yrs_3": {
        "preprocessing_time_seconds": 0.09885072708129883,
        "selected_features_count": 22,
        "selected_features_names": "High_^AEX, Low_^AEX, DayOfWeek, Month, SMA_20, SMA_200, EMA_5, MACD, MACD_Diff, RSI, BB_pband, OBV, Stoch_D, Williams_R, CCI, ROC, ADX, ADX_Pos, ADX_Neg, Volatility_Ret_10D, Volatility_Ret_60D, Volatility_Ret_60D_Raw",
        "used_differencing": false,
        "plot_directory": "performance_evaluation_report/model_standard_lstm_alpha_0.005_diff_False_lb_60_yrs_3",
        "model_training_time_seconds": 21.689831495285034,
        "final_val_loss": 0.0011401610681787133,
        "best_val_loss": 0.0009524178458377719,
        "epochs_trained": 28,
        "test_set_prediction_time_seconds": 0.8208925724029541,
        "overall_mse": 388.4012643845207,
        "overall_mae": 15.11707278853612,
        "overall_rmse": 19.707898527862394,
        "overall_rmse_perc_mean": 2.18140034596205,
        "overall_mape": 1.6919860772432131,
        "bias_me": -3.6484829517120985,
        "bias_mpe": -0.43756057150396804,
        "low_vol_mse": 197.73348389172727,
        "low_vol_mae": 12.250288221571184,
        "low_vol_rmse": 14.061773852957787,
        "mid_vol_mse": 240.83062061564831,
        "mid_vol_mae": 12.548724630604614,
        "mid_vol_rmse": 15.518718394753103,
        "high_vol_mse": 861.9127787676528,
        "high_vol_mae": 22.90652465820311,
        "high_vol_rmse": 29.358351090748485,
        "latency_single_pred_ms": 465.2357816696167
    },
    "model_standard_lstm_alpha_0.01_diff_False_lb_60_yrs_3": {
        "preprocessing_time_seconds": 0.09736442565917969,
        "selected_features_count": 20,
        "selected_features_names": "High_^AEX, Low_^AEX, Month, SMA_20, SMA_200, EMA_5, MACD_Diff, RSI, BB_pband, OBV, Stoch_K, Stoch_D, Williams_R, CCI, ROC, ADX, ADX_Neg, Volatility_Ret_10D, Volatility_Ret_60D, Volatility_Ret_60D_Raw",
        "used_differencing": false,
        "plot_directory": "performance_evaluation_report/model_standard_lstm_alpha_0.01_diff_False_lb_60_yrs_3",
        "model_training_time_seconds": 18.56108832359314,
        "final_val_loss": 0.006354684010148048,
        "best_val_loss": 0.0010665294248610735,
        "epochs_trained": 24,
        "test_set_prediction_time_seconds": 0.815718412399292,
        "overall_mse": 389.5329501068493,
        "overall_mae": 14.499191825271495,
        "overall_rmse": 19.736589120383726,
        "overall_rmse_perc_mean": 2.1845760101945104,
        "overall_mape": 1.6360014390360538,
        "bias_me": -10.682731033216974,
        "bias_mpe": -1.2220055223753168,
        "low_vol_mse": 350.54603426375746,
        "low_vol_mae": 17.389463636610245,
        "low_vol_rmse": 18.722874626075917,
        "mid_vol_mse": 206.25330398841808,
        "mid_vol_mae": 11.589398812556606,
        "mid_vol_rmse": 14.361521645996223,
        "high_vol_mse": 779.8058543436008,
        "high_vol_mae": 17.186023288302945,
        "high_vol_rmse": 27.92500410642048,
        "latency_single_pred_ms": 440.36078453063965
    }
}